{"cameraMode":{"drawMode":0,"name":"Shaded","section":"Shading Mode"},"sceneLighting":false,"audioPlay":false,"sceneViewState":{"m_AlwaysRefresh":false,"showFog":true,"showSkybox":false,"showFlares":true,"showImageEffects":true,"showParticleSystems":true,"showVisualEffectGraphs":true,"m_FxEnabled":true},"in2DMode":false,"pivot":{"x":-0.019645094871520997,"y":0.6423590779304504,"z":0.011977136135101319},"rotation":{"x":-0.17073991894721986,"y":0.015366407111287117,"z":-0.002665317850187421,"w":-0.985203742980957},"size":1.2541723251342774,"orthographic":false}