{"cameraMode":{"drawMode":0,"name":"Shaded","section":"Shading Mode"},"sceneLighting":false,"audioPlay":false,"sceneViewState":{"m_AlwaysRefresh":false,"showFog":true,"showSkybox":false,"showFlares":true,"showImageEffects":true,"showParticleSystems":true,"showVisualEffectGraphs":true,"m_FxEnabled":true},"in2DMode":false,"pivot":{"x":0.0000133514404296875,"y":0.04556075111031532,"z":0.000013232231140136719},"rotation":{"x":-0.17073991894721986,"y":0.015366407111287117,"z":-0.002665317850187421,"w":-0.985203742980957},"size":0.7743427157402039,"orthographic":false}