{"cameraMode":{"drawMode":0,"name":"Shaded","section":"Shading Mode"},"sceneLighting":false,"audioPlay":false,"sceneViewState":{"m_AlwaysRefresh":false,"showFog":true,"showSkybox":false,"showFlares":true,"showImageEffects":true,"showParticleSystems":true,"showVisualEffectGraphs":true,"m_FxEnabled":true},"in2DMode":false,"pivot":{"x":0.0007782578468322754,"y":-0.1301252841949463,"z":-0.0009692907333374023},"rotation":{"x":-0.08509716391563416,"y":0.0023872891906648876,"z":-0.00020462066459003836,"w":-0.9963774681091309},"size":0.7050175070762634,"orthographic":false}