{"cameraMode":{"drawMode":0,"name":"Shaded","section":"Shading Mode"},"sceneLighting":false,"audioPlay":false,"sceneViewState":{"m_AlwaysRefresh":false,"showFog":true,"showSkybox":false,"showFlares":true,"showImageEffects":true,"showParticleSystems":true,"showVisualEffectGraphs":true,"m_FxEnabled":true},"in2DMode":false,"pivot":{"x":-2.384185791015625e-7,"y":-0.24999994039535523,"z":2.384185791015625e-7},"rotation":{"x":0.06834390759468079,"y":0.008980614133179188,"z":-0.0006152146379463375,"w":0.9976216554641724},"size":1.4361406564712525,"orthographic":false}